id,name,birthday,email
1,Joann McIvor,4/28/1984,jmcivor0@youtube.com
2,Man Fills,3/17/1991,mfills1@spiegel.de
3,Grover Larvor,10/12/1974,glarvor2@boston.com
4,Glori Loram,3/15/1994,gloram3@devhub.com
5,Fern Cuerda,5/8/1973,fcuerda4@desdev.cn
6,Brooks Roisen,1/18/1954,broisen5@hugedomains.com
7,Mavis De Robertis,6/29/1989,mde6@google.com.au
8,Mina Bradd,9/27/1959,mbradd7@cocolog-nifty.com
9,Esmeralda Bloomer,9/19/1959,ebloomer8@gravatar.com
10,Idalina Deveral,4/3/1954,ideveral9@nasa.gov
11,Vivienne Shillom,7/18/1994,vshilloma@trellian.com
12,Geoffry Kerin,6/23/1964,gkerinb@bing.com
13,Lettie Want,8/6/1996,lwantc@nih.gov
14,Corette MacLese,8/13/1991,cmaclesed@bbc.co.uk
15,Johnathan Stansell,1/21/2000,jstanselle@earthlink.net
16,Wrennie Goodbanne,8/21/1983,wgoodbannef@is.gd
17,Delainey Hatchette,5/9/2000,dhatchetteg@webnode.com
18,Yvonne Ivashchenko,4/30/1982,yivashchenkoh@webs.com
19,Sasha Clemendot,2/17/1997,sclemendoti@merriam-webster.com
20,Sly Meeus,8/18/1950,smeeusj@feedburner.com
21,Venus Chalmers,8/10/1989,vchalmersk@edublogs.org
22,Gayle Lang,6/15/1959,glangl@1und1.de
23,Roanne Kmicicki,2/23/1992,rkmicickim@miibeian.gov.cn
24,Kaylyn Oxley,12/5/1951,koxleyn@chronoengine.com
25,Bartholomew Womack,4/22/1958,bwomacko@ibm.com
26,Giacomo Kik,12/28/1986,gkikp@t.co
27,Dona Wickens,7/27/1988,dwickensq@deliciousdays.com
28,Larry Janney,10/27/1976,ljanneyr@deviantart.com
29,Kirsten Harrad,1/27/1979,kharrads@quantcast.com
30,Anatola Brayley,11/1/1984,abrayleyt@dmoz.org
31,Lettie Flower,4/19/1987,lfloweru@blinklist.com
32,Tades Barton,6/29/1962,tbartonv@gizmodo.com
33,Lyda Plewes,7/13/1956,lplewesw@abc.net.au
34,Ludovika Schuh,3/7/1993,lschuhx@macromedia.com
35,Denny Micklewright,1/27/1970,dmicklewrighty@java.com
36,Amandi Manilo,7/23/1992,amaniloz@ftc.gov
37,Hetti Prandoni,6/11/1983,hprandoni10@sogou.com
38,Delores Cleveley,11/17/1989,dcleveley11@rediff.com
39,Sylvia Braiden,4/26/1998,sbraiden12@guardian.co.uk
40,Merrily Silkston,7/27/1979,msilkston13@sciencedaily.com
41,Leandra Breakey,7/6/1997,lbreakey14@delicious.com
42,Brig Bernardon,11/7/1961,bbernardon15@tripadvisor.com
43,Cherianne Pickthall,10/7/1975,cpickthall16@go.com
44,Cory Usher,6/27/1960,cusher17@wufoo.com
45,Inessa Hasling,10/10/1973,ihasling18@redcross.org
46,Rhetta Hurling,12/25/2000,rhurling19@apache.org
47,Hewitt Eyam,1/13/1982,heyam1a@reverbnation.com
48,Gannon Dufaire,10/12/1982,gdufaire1b@wiley.com
49,Stephana Sinderland,3/16/1968,ssinderland1c@de.vu
50,Dedie Weed,1/10/1980,dweed1d@1und1.de
